<lxs>
    <scene root="demoRoot" axis_length="5"/>

    <views default="defaultCamera">
        <perspective id="defaultCamera" near="0.1" far="500" angle="45">
            <from x="30" y="15" z="30" />
            <to x="0" y="-2" z="0" />
        </perspective>
    </views>

    <globals>
        <ambient r="0.2" g="0.2" b="0.2" a="1.0" />
        <background r="0.0" g="0.0" b="0.0" a="1.0" />
    </globals>

    <lights>
        <omni id="demoLight" enabled="1">
            <location x="9.8" y="11.9" z="10" w="1.0" />
            <ambient r="0" g="0" b="0" a="1.0" />
            <diffuse r="1.0" g="1.0" b="1.0" a="1.0" />
            <specular r="1.0" g="1.0" b="1.0" a="1.0" />
        </omni>
    </lights>

    <textures>
        <texture id="demoTexture" file="scenes/images/vidral.jpg" />
    </textures>

    <materials>
        <material id="demoMaterial" shininess="10">
            <emission r="0.0" g="0.0" b="0.0" a="1.0" />
            <ambient r="1.0" g="0.0" b="0.0" a="1.0" />
            <diffuse r="0.6" g="0.0" b="0.0" a="1.0" />
            <specular r="0.6" g="0.0" b="0.0" a="1.0" />
        </material>
    </materials>

    <transformations>
        <transformation id="demoTransform">
            <scale x="5" y="1" z="5" />
            <rotate axis="x" angle="-45" />
            <rotate axis="z" angle="-45" />
        </transformation>
    </transformations>

    <primitives>
        <primitive id="demoRectangle">
            <rectangle x1="-0.5" y1="-1" x2="0.5" y2="1"/>
        </primitive>
        <primitive id="demoCylinder">
            <cylinder base="1.5" top="2" height="5" slices="20" stacks="3"/>
        </primitive>
        <primitive id="demoTriangle">
            <triangle x1="0" y1="0" z1="0" x2="1" y2="1" z2="0" x3="1" y3="0" z3="0"/>
        </primitive>
        <primitive id="demoSphere">
            <sphere radius="2" slices="20" stacks="10"/>
        </primitive>
        <primitive id="demoTorus">
            <torus inner="0.5" outer="2" slices="10" loops="10"/>
        </primitive>
    </primitives>

    <components>
        <component id="demoRoot">
            <transformation>
                <translate x="0" y="0" z="0" />
                <scale x="2" y="1" z="1" />
            </transformation>
            <materials>
                <material id="demoMaterial" />
            </materials>
            <texture id="demoTexture"/>
            <children>
                <primitiveref id="demoRectangle" />
                <primitiveref id="demoCylinder" />
                <primitiveref id="demoSphere" />
            </children>
        </component>
    </components>
</lxs>